Rk,Week,Day,Date,,Winner/tie,,Loser/tie,,PtsW,PtsL,YdsW,TOW,YdsL,TOL
1,4,Sun,1921-10-16,W,Rock Island Independents,@,Chicago Cardinals,boxscore,14,7,0,0,0,0
2,8,Sun,1921-11-13,W,Green Bay Packers,,Hammond Pros,boxscore,14,7,0,0,0,0
3,7,Sun,1923-11-11,W,St. Louis All-Stars,,Oorang Indians,boxscore,14,7,0,0,0,0
4,9,Sun,1923-11-25,W,Chicago Bears,,Hammond Pros,boxscore,14,7,0,0,0,0
5,2,Sun,1925-09-27,W,Canton Bulldogs,,Rochester Jeffersons,boxscore,14,7,0,0,0,0
6,3,Sun,1925-10-04,W,Akron Pros,,Kansas City Cowboys,boxscore,14,7,0,0,0,0
7,12,Sat,1925-12-05,W,Chicago Bears,@,Frankford Yellow Jackets,boxscore,14,7,0,0,0,0
8,11,Sun,1927-11-27,W,Providence Steam Roller,,New York Yankees,boxscore,14,7,0,0,0,0
9,10,Sun,1928-11-25,W,Detroit Wolverines,@,Chicago Bears,boxscore,14,7,0,0,0,0
10,2,Sat,1929-09-28,W,Frankford Yellow Jackets,,Dayton Triangles,boxscore,14,7,0,0,0,0
11,4,Sun,1929-10-13,W,Minneapolis Red Jackets,,Chicago Cardinals,boxscore,14,7,0,0,0,0
12,4,Sun,1930-10-05,W,Green Bay Packers,,New York Giants,boxscore,14,7,0,0,0,0
13,6,Sat,1930-10-18,W,Brooklyn Dodgers,@,Frankford Yellow Jackets,boxscore,14,7,0,0,0,0
14,8,Sun,1931-11-01,W,Chicago Cardinals,@,Brooklyn Dodgers,boxscore,14,7,0,0,0,0
15,2,Sun,1933-09-24,W,Chicago Bears,@,Green Bay Packers,boxscore,14,7,0,0,0,0
16,11,Sun,1934-11-18,W,Boston Redskins,@,Philadelphia Eagles,boxscore,14,7,0,0,0,0
17,5,Wed,1936-10-14,W,Detroit Lions,@,Brooklyn Dodgers,boxscore,14,7,276,0,54,0
18,8,Sun,1936-11-01,W,New York Giants,,Detroit Lions,boxscore,14,7,201,0,254,4
19,11,Sun,1936-11-22,W,Detroit Lions,@,Chicago Cardinals,boxscore,14,7,0,0,0,0
20,12,Sun,1936-11-29,W,Chicago Cardinals,,Chicago Bears,boxscore,14,7,0,0,0,0
21,2,Sun,1937-09-12,W,Chicago Cardinals,@,Green Bay Packers,boxscore,14,7,0,0,0,0
22,5,Sun,1938-10-09,W,Cleveland Rams,,Chicago Bears,boxscore,14,7,0,0,0,0
23,11,Sun,1938-11-20,W,Philadelphia Eagles,,Pittsburgh Pirates,boxscore,14,7,0,0,0,0
24,12,Thu,1938-11-24,W,Detroit Lions,,Chicago Bears,boxscore,14,7,242,0,209,0
25,5,Sun,1939-10-08,W,New York Giants,@,Pittsburgh Pirates,boxscore,14,7,183,2,246,6
26,9,Sun,1940-11-03,W,Chicago Bears,,Green Bay Packers,boxscore,14,7,246,4,208,5
27,3,Sun,1941-09-21,W,Brooklyn Dodgers,,Detroit Lions,boxscore,14,7,312,2,142,3
28,11,Sun,1941-11-16,W,Pittsburgh Steelers,,Brooklyn Dodgers,boxscore,14,7,205,0,278,3
29,3,Sun,1942-09-27,W,New York Giants,@,Washington Redskins,boxscore,14,7,51,0,233,3
30,10,Sun,1942-11-15,W,Washington Redskins,@,New York Giants,boxscore,14,7,329,5,100,1
31,10,Sun,1942-11-15,W,Philadelphia Eagles,@,Brooklyn Dodgers,boxscore,14,7,320,1,259,4
32,1,Sun,1944-09-17,W,Green Bay Packers,,Brooklyn Tigers,boxscore,14,7,218,3,258,3
33,5,Sun,1944-10-15,W,New York Giants,@,Brooklyn Tigers,boxscore,14,7,196,1,175,6
34,11,Sun,1944-11-26,W,Washington Redskins,,Boston Yanks,boxscore,14,7,269,4,128,4
35,Champ,Sun,1944-12-17,W,Green Bay Packers,@,New York Giants,boxscore,14,7,237,3,199,4
36,1,Fri,1946-09-20,W,Pittsburgh Steelers,,Chicago Cardinals,boxscore,14,7,137,2,186,4
37,7,Sun,1946-11-03,W,Pittsburgh Steelers,,Washington Redskins,boxscore,14,7,108,2,277,5
38,10,Sun,1946-11-10,W,Cleveland Browns,@,San Francisco 49ers,boxscore,14,7,271,2,212,4
39,3,Sun,1947-09-14,W,San Francisco 49ers,,Baltimore Colts,boxscore,14,7,343,2,109,4
40,6,Sun,1947-10-26,W,Philadelphia Eagles,,Los Angeles Rams,boxscore,14,7,148,2,283,4
41,9,Sun,1947-10-26,W,Cleveland Browns,@,San Francisco 49ers,boxscore,14,7,415,3,251,1
42,14,Sun,1947-11-30,W,Baltimore Colts,,Chicago Rockets,boxscore,14,7,318,5,315,5
43,12,Sun,1948-11-14,W,Cleveland Browns,,San Francisco 49ers,boxscore,14,7,291,2,177,6
44,3,Sat,1949-10-08,W,Pittsburgh Steelers,,Detroit Lions,boxscore,14,7,272,4,262,3
45,8,Sun,1953-11-15,W,Detroit Lions,@,Green Bay Packers,boxscore,14,7,295,5,361,5
46,1,Mon,1955-09-26,W,Pittsburgh Steelers,,Chicago Cardinals,boxscore,14,7,355,5,86,2
47,7,Sun,1956-11-11,W,Philadelphia Eagles,,Pittsburgh Steelers,boxscore,14,7,252,4,149,3
48,8,Sun,1956-11-18,W,Pittsburgh Steelers,,Chicago Cardinals,boxscore,14,7,280,4,254,6
49,2,Sun,1961-09-24,W,Philadelphia Eagles,,Washington Redskins,boxscore,14,7,260,3,325,3
50,13,Sun,1964-12-06,W,Pittsburgh Steelers,@,Washington Redskins,boxscore,14,7,180,3,184,2
51,8,Sun,1965-10-31,W,Kansas City Chiefs,,Oakland Raiders,boxscore,14,7,218,3,167,0
52,5,Sun,1966-10-09,W,Los Angeles Rams,@,Detroit Lions,boxscore,14,7,369,3,283,6
53,7,Sun,1968-10-27,W,San Francisco 49ers,@,Detroit Lions,boxscore,14,7,332,2,219,4
54,2,Sun,1969-09-28,W,Green Bay Packers,,San Francisco 49ers,boxscore,14,7,269,3,376,1
55,6,Sun,1969-10-26,W,Washington Redskins,@,Pittsburgh Steelers,boxscore,14,7,214,3,301,2
56,Super Bowl,Sun,1973-01-14,W,Miami Dolphins,N,Washington Redskins,boxscore,14,7,253,2,228,3
57,4,Mon,1973-10-08,W,Washington Redskins,,Dallas Cowboys,boxscore,14,7,174,1,269,1
58,11,Thu,1973-11-22,W,Miami Dolphins,@,Dallas Cowboys,boxscore,14,7,260,1,267,1
59,4,Sun,1974-10-06,W,Atlanta Falcons,@,New York Giants,boxscore,14,7,285,3,261,2
60,9,Sun,1974-11-10,W,San Diego Chargers,@,Kansas City Chiefs,boxscore,14,7,254,2,428,3
61,3,Sun,1975-10-05,W,Atlanta Falcons,,New Orleans Saints,boxscore,14,7,231,2,245,3
62,12,Sun,1975-12-07,W,Los Angeles Rams,@,New Orleans Saints,boxscore,14,7,232,4,218,3
63,4,Sun,1977-10-09,W,Minnesota Vikings,,Detroit Lions,boxscore,14,7,314,3,281,1
64,5,Sun,1977-10-16,W,Los Angeles Rams,,New Orleans Saints,boxscore,14,7,408,3,232,0
65,7,Sun,1977-10-30,W,Minnesota Vikings,@,Atlanta Falcons,boxscore,14,7,357,5,212,2
66,10,Sun,1977-11-20,W,Denver Broncos,@,Kansas City Chiefs,boxscore,14,7,376,3,300,2
67,11,Sun,1977-11-27,W,Dallas Cowboys,@,Washington Redskins,boxscore,14,7,282,2,334,1
68,Division,Mon,1977-12-26,W,Minnesota Vikings,@,Los Angeles Rams,boxscore,14,7,189,0,267,3
69,7,Sun,1978-10-15,W,New Orleans Saints,@,San Francisco 49ers,boxscore,14,7,206,0,175,6
70,8,Sun,1978-10-22,W,Dallas Cowboys,,Philadelphia Eagles,boxscore,14,7,278,0,262,1
71,7,Mon,1979-10-15,W,New York Jets,,Minnesota Vikings,boxscore,14,7,245,0,310,7
72,12,Sun,1979-11-18,W,Minnesota Vikings,,Detroit Lions,boxscore,14,7,295,1,167,3
73,14,Sun,1979-12-02,W,Cleveland Browns,,Houston Oilers,boxscore,14,7,335,2,249,2
74,6,Sun,1980-10-12,W,New York Jets,@,Atlanta Falcons,boxscore,14,7,279,0,240,4
75,8,Sun,1985-10-27,W,Washington Redskins,@,Cleveland Browns,boxscore,14,7,284,1,264,4
76,8,Sun,1986-10-26,W,Los Angeles Rams,,Atlanta Falcons,boxscore,14,7,335,5,151,3
77,5,Sun,1987-10-11,W,New England Patriots,,Buffalo Bills,boxscore,14,7,256,1,168,5
78,5,Mon,1989-10-09,W,Los Angeles Raiders,@,New York Jets,boxscore,14,7,315,1,392,2
79,14,Sun,1989-12-10,W,New York Giants,@,Denver Broncos,boxscore,14,7,261,0,367,0
80,3,Sun,1995-09-17,W,Cleveland Browns,@,Houston Oilers,boxscore,14,7,270,0,327,4
81,13,Sun,1995-11-26,W,Philadelphia Eagles,@,Washington Redskins,boxscore,14,7,316,1,300,2
82,3,Sun,2000-09-17,W,New York Giants,@,Chicago Bears,boxscore,14,7,409,1,228,1
83,14,Sun,2003-12-07,W,San Diego Chargers,@,Detroit Lions,boxscore,14,7,375,2,276,0
84,14,Sun,2003-12-07,W,Tampa Bay Buccaneers,@,New Orleans Saints,boxscore,14,7,314,1,292,3
85,4,Sun,2004-10-03,W,New York Giants,@,Green Bay Packers,boxscore,14,7,403,1,301,3
86,4,Sun,2017-10-01,W,Detroit Lions,@,Minnesota Vikings,boxscore,14,7,251,0,284,3
87,16,Sun,2017-12-24,W,Los Angeles Chargers,@,New York Jets,boxscore,14,7,379,0,295,3
88,5,Sun,2019-10-06,W,Buffalo Bills,@,Tennessee Titans,boxscore,14,7,313,1,252,0
89,4,Sun,2021-10-03,W,Cleveland Browns,@,Minnesota Vikings,boxscore,14,7,327,0,255,1